Sostantivo,Articolo,Plurale,Significato,English,Frequenza
Jahr,das,Jahre,anno,year,1
Zeit,die,Zeiten,tempo,time,1
Mensch,der,Menschen,persona/essere umano,human being,1
Tag,der,Tage,giorno,day,1
Hand,die,Hände,mano,hand,1
Leben,das,-,vita,life,1
Frau,die,Frauen,donna,woman,1
Mann,der,Männer,uomo,man,1
Kind,das,Kinder,bambino,child,1
Haus,das,Häuser,casa,house,1
Auge,das,Augen,occhio,eye,1
Welt,die,Welten,mondo,world,1
Stadt,die,Städte,città,city,1
Land,das,Länder,paese/terra,country/nation,1
Arbeit,die,Arbeiten,lavoro,work,1
Seite,die,Seiten,lato/pagina,side/page,1
Sache,die,Sachen,cosa,thing,1
Fall,der,Fälle,caso,case,1
Weg,der,Wege,strada/via,street,1
Teil,der,Teile,parte,part,1
Herr,der,Herren,signore,Mr.,1
Problem,das,Probleme,problema,problem,1
Ende,das,Enden,fine,fine,1
Frage,die,Fragen,domanda,question,1
Ort,der,Orte,luogo,place,1
Geld,das,-,denaro,money,1
Name,der,Namen,nome,name,1
Kopf,der,Köpfe,testa,head,1
Grund,der,Gründe,motivo/ragione,reason/cause,1
Stunde,die,Stunden,ora,now,1
Wort,das,Wörter/Worte,parola,word,1
Platz,der,Plätze,posto/piazza,place,1
Beispiel,das,Beispiele,esempio,example,1
Zahl,die,Zahlen,numero,number,1
Mutter,die,Mütter,madre,mother,1
Vater,der,Väter,padre,father,1
Bild,das,Bilder,immagine,image,1
Raum,der,Räume,stanza/spazio,room/space,1
Form,die,Formen,forma,form,1
Gesicht,das,Gesichter,viso,face,1
Geschichte,die,Geschichten,storia,story,1
Entwicklung,die,Entwicklungen,sviluppo,development,1
Prozent,das,-,percento,percent,1
Wasser,das,-,acqua,water,1
Art,die,Arten,tipo/specie,type/kind,1
Punkt,der,Punkte,punto,Point,1
Staat,der,Staaten,stato,state,1
Straße,die,Straßen,strada,street,1
Recht,das,Rechte,diritto,right,1
Möglichkeit,die,Möglichkeiten,possibilità,possibility,1
Interesse,das,Interessen,interesse,interest,1
Auto,das,Autos,auto,car,2
Anfang,der,Anfänge,inizio,beginning,2
Krieg,der,Kriege,guerra,war,2
Stelle,die,Stellen,posto/posizione,position/place,2
Tür,die,Türen,porta,door,2
Freund,der,Freunde,amico,friend,2
Idee,die,Ideen,idea,idea,2
Gruppe,die,Gruppen,gruppo,group,2
Monat,der,Monate,mese,month,2
Moment,der,Momente,momento,moment,2
Stimme,die,Stimmen,voce/voto,voice/vote,2
Kraft,die,Kräfte,forza,force,2
Woche,die,Wochen,settimana,week,2
Gesellschaft,die,Gesellschaften,società,company,2
Minute,die,Minuten,minuto,minute,2
Firma,die,Firmen,azienda,company,2
Bereich,die,Bereiche,area/settore,area/sector,2
Rolle,die,Rollen,ruolo,role,2
Buch,das,Bücher,libro,book,2
System,das,Systeme,sistema,system,2
Weise,die,Weisen,modo/maniera,"way, manner",2
Unternehmen,das,-,azienda,company,2
Blick,der,Blicke,sguardo,gaze,2
Situation,die,Situationen,situazione,situation,2
Licht,das,Lichter,luce,light,2
Boden,der,Böden,pavimento/suolo,floor/ground,2
Gefühl,das,Gefühle,sentimento,feeling,2
Familie,die,Familien,famiglia,family,2
Grund,der,Gründe,terreno/fondo,ground,2
Raum,der,Räume,spazio,space,2
Folge,die,Folgen,conseguenza/episodio,consequence/episode,2
Spiel,das,Spiele,gioco,game,2
Bett,das,Betten,letto,bed,2
Zimmer,das,-,camera,camera,2
Schule,die,Schulen,scuola,school,2
Sinn,der,Sinne,senso,sense,2
Arm,der,Arme,braccio,arm,2
Körper,der,Körper,corpo,body,2
Politik,die,-,politica,politics,2
Ziel,das,Ziele,obiettivo,objective,2
Alter,das,-,età,age,2
Tod,der,Tode,morte,death,2
Gott,der,Götter,dio,God,2
Film,der,Filme,film,film,2
Zusammenhang,der,Zusammenhänge,contesto/nesso,context,2
Nummer,die,Nummern,numero,number,2
Nacht,die,Nächte,notte,Night,2
Ergebnis,das,Ergebnisse,risultato,result,2
Meter,der,-,metro,meter,2
Aufgabe,die,Aufgaben,compito,task,2
Preis,der,Preise,prezzo/premio,price/prize,2
Bedeutung,die,Bedeutungen,significato,meaning,2
Anforderung,die,Anforderungen,requisito,requirement,2
Begriff,der,Begriffe,concetto/termine,concept/term,2
Information,die,Informationen,informazione,information,2
Erfolg,der,Erfolge,successo,success,2
Musik,die,-,musica,music,2
Zukunft,die,-,futuro,future,2
Verhältnis,das,Verhältnisse,rapporto,ratio,2
Region,die,Regionen,regione,region,2
Million,die,Millionen,milione,million,2
Millionen,die,-,milioni,millions,2
Bein,das,Beine,gamba,leg,2
Feld,das,Felder,campo,field,2
Ton,der,Töne,suono/tono,sound/tone,2
Satz,der,Sätze,frase,phrase,2
Grad,der,Grade,grado,grade,2
Kirche,die,Kirchen,chiesa,church,2
Mitglied,das,Mitglieder,membro,member,2
Sprache,die,Sprachen,lingua,language,2
Text,der,Texte,testo,text,2
Verfahren,das,-,procedura,procedure,2
Gang,der,Gänge,corridoio/andatura,corridor/pace,2
Bank,die,Banken,banca,bank,2
Schritt,der,Schritt,passo,step,2
Macht,die,Mächte,potere,power,2
Wahl,die,Wahlen,scelta/elezione,election,2
Plan,der,Pläne,piano,piano,2
Gedanke,der,Gedanken,pensiero,thought,2
Nachricht,die,Nachrichten,notizia/messaggio,news/message,2
Anlage,die,Anlagen,impianto/allegato,attachment/installation,2
Richtung,die,Richtungen,direzione,direction,2
Position,die,Positionen,posizione,position,2
Produkt,das,Produkte,prodotto,product,2
Gespräch,das,Gespräche,conversazione,conversation,2
Zeitung,die,Zeitungen,giornale,newspaper,2
Datum,das,Daten,data,data,2
Wirtschaft,die,-,economia,economy,2
Fenster,das,-,finestra,window,2
Baum,der,Bäume,albero,tree,2
Wohnung,die,Wohnungen,appartamento,apartment,2
Beziehung,die,Beziehungen,relazione,relationship,2
Person,die,Personen,persona,Person,2
Herz,das,Herzen,cuore,heart,2
Himmel,der,-,cielo,sky,2
Hoffnung,die,Hoffnungen,speranza,hope,2
Wert,der,Werte,valore,value,2
Tisch,der,Tische,tavolo,table,3
Erde,die,-,terra,earth,3
Grund,der,Gründe,ragione,reason,3
Gedanke,der,Gedanken,pensiero,thought,3
Wind,der,Winde,vento,wind,3
Seele,die,Seelen,anima,soul,3
Haar,das,Haare,capello,hair,3
Brot,das,Brote,pane,bread,3
Klasse,die,Klassen,classe,class,3
Meer,das,Meere,mare,sea,3
Liebe,die,-,amore,love,3
Freude,die,Freuden,gioia,joy,3
Luft,die,Lüfte,aria,air,3
Geist,der,Geister,spirito/mente,spirit/mind,3
Angst,die,Ängste,paura,fear,3
Mittel,das,-,mezzo/rimedio,half/remedy,3
Zustand,der,Zustände,stato/condizione,state / condition,3
Ansicht,die,Ansichten,opinione/vista,opinion/view,3
Sorge,die,Sorgen,preoccupazione,concern,3
Regel,die,Regeln,regola,rule,3
Mark,die,-,marco,mark,3
Brief,der,Briefe,lettera,letter,3
Pferd,das,Pferde,cavallo,horse,3
Amt,das,Ämter,ufficio/carica,office/position,3
Dienst,der,Dienste,servizio,service,3
Aufmerksamkeit,die,-,attenzione,attention,3
Aufgabe,die,Aufgaben,compito,task,3
Sohn,der,Söhne,figlio,child,3
Tochter,die,Töchter,figlia,daughter,3
Bruder,der,Brüder,fratello,brother,3
Schwester,die,Schwestern,sorella,sister,3
Jahrhundert,das,Jahrhunderte,secolo,century,3
Jugend,die,-,gioventù,youth,3
Feuer,das,-,fuoco,fire,3
Grund,der,Gründe,motivo,reason,3
Kampf,der,Kämpfe,lotta,fight,3
Ecke,die,Ecken,angolo,angle,3
Wand,die,Wände,parete,wall,3
Berg,der,Berge,montagna,mountain,3
Fluss,der,Flüsse,fiume,river,3
Volk,das,Völker,popolo,people,3
Dorf,das,Dörfer,villaggio,village,3
Tier,das,Tiere,animale,animal,3
Hund,der,Hunde,cane,dog,3
Katze,die,Katzen,gatto,cat,3
Vogel,der,Vögel,uccello,bird,3
Stein,der,Steine,pietra,stone,3
Blume,die,Blumen,fiore,flower,3
Garten,der,Gärten,giardino,garden,3
Wald,der,Wälder,bosco,wood,3
Park,der,Parks,parco,park,3
Strand,der,Strände,spiaggia,beach,3
See,der,Seen,lago,lake,3
Insel,die,Inseln,isola,island,3
Meer,das,Meere,mare,Sea,3
Himmel,der,-,cielo,sky,3
Stern,der,Sterne,stella,star,3
Sonne,die,-,sole,sun,3
Mond,der,Monde,luna,moon,3
Regen,der,-,pioggia,rain,3
Schnee,der,-,neve,snow,3
Eis,das,-,ghiaccio,ice,3
Wetter,das,-,tempo atmosferico,weather,3
Farbe,die,Farben,colore,color,3
Form,die,Formen,forma,form,3
Größe,die,Größen,grandezza,grandeur,3
Höhe,die,Höhen,altezza,height,3
Länge,die,Längen,lunghezza,length,3
Breite,die,Breiten,larghezza,width,3
Dicke,die,Dicken,spessore,thickness,3
Tiefe,die,Tiefen,profondità,depth,3
Gewicht,das,Gewichte,peso,weight,3
Material,das,Materialien,materiale,material,3
Stoff,der,Stoffe,stoffa/materia,stuff,3
Holz,das,Hölzer,legno,wood,3
Papier,das,Papiere,carta,paper,3
Glas,das,Gläser,vetro/bicchiere,glass/glassware,3
Metall,das,Metalle,metallo,metal,3
Eisen,das,-,ferro,Iron,3
Gold,das,-,oro,gold,3
Silber,das,-,argento,silver,3
Öl,das,Öle,olio,oil,3
Salz,das,Salze,sale,salt,3
Zucker,der,-,zucchero,sugar,3
Butter,die,-,burro,butter,3
Käse,der,-,formaggio,cheese,3
Fleisch,das,-,carne,meat,3
Fisch,der,Fische,pesce,fish,3
Ei,das,Eier,uovo,egg,3
Milch,die,-,latte,milk,3
Kaffee,der,-,caffè,coffee,3
Tee,der,-,tè,tea,3
Wein,der,Weine,vino,wine,3
Bier,das,Biere,birra,beer,3
Suppe,die,Suppen,zuppa,soup,3
Frucht,die,Früchte,frutto,fruit,3
Apfel,der,Äpfel,mela,apple,3
Birne,die,Birnen,pera,pear,3
Orange,die,Orangen,arancia,orange,3
Zitrone,die,Zitronen,limone,lemon,3
Banane,die,Bananen,banana,banana,3
Traube,die,Trauben,uva,grape,3
Kirsche,die,Kirschen,ciliegia,cherry,3
Erdbeere,die,Erdbeeren,fragola,strawberry,3
Gemüse,das,-,verdura,vegetables,3
Kartoffel,die,Kartoffeln,patata,potato,3
Tomate,die,Tomaten,pomodoro,tomato,3
Gurke,die,Gurken,cetriolo,Cucumber,3
Salat,der,Salate,insalata,salad,3
Zwiebel,die,Zwiebeln,cipolla,onion,3
Knoblauch,der,-,aglio,garlic,3
Karotte,die,Karotten,carota,carrot,3
Erbse,die,Erbsen,pisello,pea,3
Bohne,die,Bohnen,fagiolo,bean,3
Korn,das,Körner,grano/chicco,grain/seed,3
Reis,der,-,riso,rice,3
Mehl,das,-,farina,flour,3
Kuchen,der,-,torta,cake,3
Torte,die,Torten,torta,cake,3
Keks,der,Kekse,biscotto,cookie,3
Bonbon,das,Bonbons,caramella,lollipop,3
Schokolade,die,-,cioccolato,chocolate,3
Kleid,das,Kleider,vestito,dress,3
Hemd,das,Hemden,camicia,shirt,3
Hose,die,Hosen,pantaloni,pants,3
Rock,der,Röcke,gonna,skirt,3
Jacke,die,Jacken,giacca,jacket,3
Mantel,der,Mäntel,cappotto,coat,3
Hut,der,Hüte,cappello,hat,3
Mütze,die,Mützen,berretto,cap,3
Schuh,der,Schuhe,scarpa,shoe,3
Stiefel,der,-,stivale,boot,3
Strumpf,der,Strümpfe,calza,sleeve,3
Socke,die,Socken,calzino,Socks,3
Tasche,die,Taschen,tasca/borsa,pocket/bag,3
Koffer,der,-,valigia,suitcase,3
Rucksack,der,Rucksäcke,zaino,backpack,3
Ring,der,Ringe,anello,ring,3
Kette,die,Ketten,catena/collana,chain/necklace,3
Uhr,die,Uhren,orologio,clock,3
Brille,die,Brillen,occhiali,glasses,3
Spiegel,der,-,specchio,mirror,3
Seife,die,Seifen,sapone,soap,3
Handtuch,das,Handtücher,asciugamano,towel,3
Zahnbürste,die,Zahnbürsten,spazzolino,toothbrush,3
Kamm,der,Kämme,pettine,comb,3
Bürste,die,Bürsten,spazzola,brush,3
Messer,das,-,coltello,knife,3
Gabel,die,Gabeln,forchetta,fork,3
Löffel,der,-,cucchiaio,spoon,3
Teller,der,-,piatto,dish,3
Tasse,die,Tassen,tazza,cup,3
Schüssel,die,Schüsseln,ciotola,bowl,3
Topf,der,Töpfe,pentola,pot,3
Pfanne,die,Pfannen,padella,pan,3
Ofen,der,Öfen,forno,oven,3
Herd,der,Herde,fornello,Stove,3
Kühlschrank,der,Kühlschränke,frigorifero,refrigerator,3
Waschmaschine,die,Waschmaschinen,lavatrice,washing machine,3
Lampe,die,Lampen,lampada,lamp,3
Kerze,die,Kerzen,candela,candle,3
Stuhl,der,Stühle,sedia,chair,4
Sessel,der,-,poltrona,armchair,4
Sofa,das,Sofas,divano,sofa,4
Schrank,der,Schränke,armadio,wardrobe,4
Regal,das,Regale,scaffale,shelf,4
Bild,das,Bilder,quadro,board,4
Foto,das,Fotos,foto,photo,4
Spiegel,der,-,specchio,mirror,4
Vorhang,der,Vorhänge,tenda,tent,4
Teppich,der,Teppiche,tappeto,carpet,4
Decke,die,Decken,coperta/soffitto,blanket/ceiling,4
Kissen,das,-,cuscino,cushion,4
Laken,das,-,lenzuolo,bed sheet,4
Werkzeug,das,Werkzeuge,attrezzo,tool,4
Hammer,der,Hämmer,martello,hammer,4
Nagel,der,Nägel,chiodo,nail,4
Schraube,die,Schrauben,vite,life,4
Säge,die,Sägen,sega,saw,4
Bohrer,der,-,trapano,drill,4
Zange,die,Zangen,pinza,Pliers,4
Schere,die,Scheren,forbici,scissors,4
Nadel,die,Nadeln,ago,ago,4
Faden,der,Fäden,filo,thread,4
Knopf,der,Knöpfe,bottone,button,4
Tasche,die,Taschen,tasca,pocket,4
Gürtel,der,-,cintura,belt,4
Schlüssel,der,-,chiave,key,4
Schloss,das,Schlösser,castello/serratura,castle/lock,4
Kette,die,Ketten,catena,chain,4
Seil,das,Seile,corda,rope,4
Schnur,die,Schnüre,spago/cordone,string,4
Draht,der,Drähte,filo metallico,metal wire,4
Stab,der,Stäbe,bastone,staff,4
Stock,der,Stöcke,bastone,staff,4
Brett,das,Bretter,asse,okay,4
Balken,der,-,trave,beam,4
Säule,die,Säulen,colonna,column,4
Mauer,die,Mauern,muro,wall,4
Dach,das,Dächer,tetto,roof,4
Keller,der,-,cantina,cellar,4
Treppe,die,Treppen,scala,step,4
Stufe,die,Stufen,gradino,Step,4
Flur,der,Flure,corridoio,corridor,4
Gang,der,Gänge,corridoio,corridor,4
Hof,der,Höfe,cortile,courtyard,4
Zaun,der,Zäune,recinzione,fence,4
Tor,das,Tore,porta/cancello,door or gate,4
Brücke,die,Brücken,ponte,bridge,4
Turm,der,Türme,torre,tower,4
Gebäude,das,-,edificio,building,4
Fabrik,die,Fabriken,fabbrica,factory,4
Büro,das,Büros,ufficio,office,4
Laden,der,Läden,negozio,shop,4
Markt,der,Märkte,mercato,market,4
Hotel,das,Hotels,hotel,hotel,4
Restaurant,das,Restaurants,ristorante,restaurant,4
Café,das,Cafés,bar/caffè,bar/cafe,4
Krankenhaus,das,Krankenhäuser,ospedale,hospital,4
Apotheke,die,Apotheken,farmacia,pharmacy,4
Post,die,-,posta/ufficio postale,post office,4
Bahnhof,der,Bahnhöfe,stazione ferroviaria,railway station,4
Flughafen,der,Flughäfen,aeroporto,airport,4
Hafen,der,Häfen,porto,port,4
Theater,das,-,teatro,theater,4
Kino,das,Kinos,cinema,cinema,4
Museum,das,Museen,museo,museum,4
Bibliothek,die,Bibliotheken,biblioteca,library,4
Universität,die,Universitäten,università,university,4
Schule,die,Schulen,scuola,school,4
Kindergarten,der,Kindergärten,asilo,kindergarten,4
Zug,der,Züge,treno,train,4
Bus,der,Busse,autobus,bus,4
Straßenbahn,die,Straßenbahnen,tram,tram,4
Taxi,das,Taxis,taxi,taxi,4
Flugzeug,das,Flugzeuge,aereo,airplane,4
Schiff,das,Schiffe,nave,ship,4
Boot,das,Boote,barca,boat,4
Fahrrad,das,Fahrräder,bicicletta,bicycle,4
Motorrad,das,Motorräder,motocicletta,motorcycle,4
Lastwagen,der,-,camion,truck,4
Wagen,der,-,carro/vettura,car or vehicle,4
Rad,das,Räder,ruota,wheel,4
Motor,der,Motoren,motore,engine,4
Maschine,die,Maschinen,macchina,car,4
Gerät,das,Geräte,apparecchio,appliance,4
Apparat,der,Apparate,apparecchio,appliance,4
Computer,der,-,computer,computer,4
Bildschirm,der,Bildschirme,schermo,screen,4
Tastatur,die,Tastaturen,tastiera,keyboard,4
Maus,die,Mäuse,mouse,mouse,4
Drucker,der,-,stampante,printer,4
Telefon,das,Telefone,telefono,telephone,4
Handy,das,Handys,cellulare,cell phone,4
Kamera,die,Kameras,macchina fotografica,camera,4
Radio,das,Radios,radio,radio,4
Fernseher,der,-,televisore,television,4
Video,das,Videos,video,video,4
CD,die,CDs,CD,Compact Disc,4
DVD,die,DVDs,DVD,DVD,4
Internet,das,-,internet,internet,4
Website,die,Websites,sito web,website,4
Email,die,Emails,email,email,4
Nachricht,die,Nachrichten,messaggio,message,4
Brief,der,Briefe,lettera,letter,4
Paket,das,Pakete,pacco,package,4
Karte,die,Karten,mappa/carta,map/chart,4
Briefmarke,die,Briefmarken,francobollo,stamp,4
Adresse,die,Adressen,indirizzo,address,4
Nummer,die,Nummern,numero,number,4
Telefonnummer,die,Telefonnummern,numero di telefono,phone number,4
Postleitzahl,die,Postleitzahlen,codice postale,postal code,4
Straße,die,Straßen,via,street,4
Gasse,die,Gassen,vicolo,alley,4
Allee,die,Allen,viale,avenue,4
Weg,der,Wege,strada,street,4
Pfad,der,Pfade,sentiero,path,4
Route,die,Routen,percorso,path,4
Karte,die,Karten,mappa,map,4
Plan,der,Pläne,mappa/piano,map/plan,4
Kompass,der,Kompasse,bussola,compass,4
Norden,der,-,nord,north,4
Süden,der,-,sud,sweat,4
Osten,der,-,est,and,4
Westen,der,-,ovest,west,4
Links,links,-,sinistra,left,4
Rechts,rechts,-,destra,right,4
Mitte,die,-,centro,center,4
Seite,die,Seiten,lato,side,4
Rand,der,Ränder,bordo,edge,4
Spitze,die,Spitzen,punta,tip,4
Boden,der,Böden,fondo,fund,4
Oberfläche,die,Oberflächen,superficie,Surface,4
Innere,das,-,interno,internal,4
Äußere,das,-,esterno,exterior,4
Vorderseite,die,Vorderseiten,parte anteriore,front part,4
Rückseite,die,Rückseiten,retro,retro,4
Oberseite,die,Oberseiten,parte superiore,Top,4
Unterseite,die,Unterseiten,parte inferiore,lower part,4
Kreis,der,Kreise,cerchio,circle,4
Quadrat,das,Quadrate,quadrato,square,4
Dreieck,das,Dreiecke,triangolo,triangle,4
Rechteck,das,Rechtecke,rettangolo,rectangle,4
Linie,die,Linien,linea,line,4
Kurve,die,Kurven,curva,curve,4
Winkel,der,-,angolo,angle,4
Fläche,die,Flächen,area/superficie,area/surface,4
Raum,der,Räume,spazio,space,4
Distanz,die,Distanzen,distanza,distance,4
Entfernung,die,Entfernungen,distanza,distance,4
Abstand,der,Abstände,distanza,distance,4
Nähe,die,-,vicinanza,proximity,4
Ferne,die,-,lontananza,distance,4
Geschwindigkeit,die,Geschwindigkeiten,velocità,speed,4
Tempo,das,Tempi,tempo/ritmo,time/pace,4
Rhythmus,der,Rhythmen,ritmo,rhythm,4
Bewegung,die,Bewegungen,movimento,movement,4
Ruhe,die,-,quiete,quiet,4
Stille,die,-,silenzio,silence,4
Lärm,der,-,rumore,noise,4
Geräusch,das,Geräusche,rumore,noise,4
Klang,der,Klänge,suono,sound,4
Melodie,die,Melodien,melodia,melody,4
Lied,das,Lieder,canzone,song,4
Musik,die,-,musica,music,4
Gesang,der,Gesänge,canto,song,4
Instrument,das,Instrumente,strumento,instrument,4
Gitarre,die,Gitarren,chitarra,guitar,4
Klavier,das,Klaviere,pianoforte,pianoforte,4
Geige,die,Geigen,violino,violin,4
Flöte,die,Flöten,flauto,flute,4
Trompete,die,Trompeten,tromba,horn,4
Trommel,die,Trommeln,tamburo,drum,4
Orchester,das,-,orchestra,orchestra,4
Band,die,Bands,band,band,4
Konzert,das,Konzerte,concerto,concert,4
Bühne,die,Bühnen,palcoscenico,stage,4
Szene,die,Szenen,scena,scene,4
Publikum,das,-,pubblico,audience,4
Zuschauer,der,-,spettatore,viewer,4
Besucher,der,-,visitatore,visitor,4
Gast,der,Gäste,ospite,guest,4
Wirt,der,Wirte,oste/padrone di casa,landlord/host,4
Gastgeber,der,-,ospite (che ospita),guest (who hosts),4
Party,die,Partys,festa,Party,4
Fest,das,Feste,festa,party,4
Feier,die,Feiern,celebrazione,celebration,4
Hochzeit,die,Hochzeiten,matrimonio,Marriage,4
Geburtstag,der,Geburtstage,compleanno,birthday,4
Jahrestag,der,Jahrestage,anniversario,anniversary,4
Feiertag,der,Feiertage,giorno festivo,public holiday,4
Urlaub,der,Urlaube,vacanza,vacation,4
Reise,die,Reisen,viaggio,journey,4
Ausflug,der,Ausflüge,gita,day trip,4
Abenteuer,das,-,avventura,adventure,4
Erfahrung,die,Erfahrungen,esperienza,experience,4
Erlebnis,das,Erlebnisse,esperienza vissuta,lived experience,4
Erinnerung,die,Erinnerungen,ricordo,memory,4
Traum,der,Träume,sogno,dream,4
Wunsch,der,Wünsche,desiderio,desire,4
Hoffnung,die,Hoffnungen,speranza,hope,4
Glaube,der,Glauben,fede/credenza,belief,4
Zweifel,der,-,dubbio,doubt,4
Sicherheit,die,-,sicurezza,safety,4
Gefahr,die,Gefahren,pericolo,danger,4
Risiko,das,Risiken,rischio,risk,4
Chance,die,Chancen,opportunità,opportunity,4
Glück,das,-,fortuna/felicità,luck/happiness,4
Pech,das,-,sfortuna,misfortune,4
Zufall,der,Zufälle,caso/coincidenza,case/coincidence,4
Schicksal,das,-,destino,fate,5
Los,das,Lose,sorte/biglietto,ticket,5
Gewinn,der,Gewinne,vincita/guadagno,win/gain,5
Verlust,der,Verluste,perdita,loss,5
Vorteil,der,Vorteile,vantaggio,advantage,5
Nachteil,der,Nachteile,svantaggio,disadvantage,5
Grund,der,Gründe,ragione,reason,5
Ursache,die,Ursachen,causa,cause,5
Folge,die,Folgen,conseguenza,consequence,5
Wirkung,die,Wirkungen,effetto,effect,5
Einfluss,der,Einflüsse,influenza,influence,5
Auswirkung,die,Auswirkungen,effetto/impatto,effect/impact,5
Resultat,das,Resultate,risultato,result,5
Konsequenz,die,Konsequenzen,conseguenza,consequence,5
Lösung,die,Lösungen,soluzione,solution,5
Antwort,die,Antworten,risposta,answer,5
Frage,die,Fragen,domanda,question,5
Rätsel,das,-,enigma,enigma,5
Geheimnis,das,Geheimnisse,segreto,secret,5
Wahrheit,die,Wahrheiten,verità,truth,5
Lüge,die,Lügen,bugia,lie,5
Irrtum,der,Irrtümer,errore,error,5
Fehler,der,-,errore/sbaglio,error/mistake,5
Schuld,die,-,colpa,fault,5
Verantwortung,die,Verantwortungen,responsabilità,responsibility,5
Pflicht,die,Pflichten,dovere,must,5
Recht,das,Rechte,diritto,right,5
Freiheit,die,Freiheiten,libertà,freedom,5
Verbot,das,Verbote,divieto,ban,5
Erlaubnis,die,Erlaubnisse,permesso,permission,5
Gesetz,das,Gesetze,legge,law,5
Regel,die,Regeln,regola,rule,5
Vorschrift,die,Vorschriften,prescrizione,prescription,5
Befehl,der,Befehle,ordine/comando,order/command,5
Auftrag,der,Aufträge,incarico,appointment,5
Vertrag,der,Verträge,contratto,contract,5
Abkommen,das,-,accordo,agreement,5
Vereinbarung,die,Vereinbarungen,accordo,agreement,5
Versprechen,das,-,promessa,promise,5
Garantie,die,Garantien,garanzia,guarantee,5
Beweis,der,Beweise,prova,test,5
Zeugnis,das,Zeugnisse,testimonianza/certificato,testimony/certificate,5
Dokument,das,Dokumente,documento,document,5
Urkunde,die,Urkunden,certificato/atto,certificate/deed,5
Akte,die,Akten,pratica/fascicolo,practice/file,5
Papier,das,Papiere,documento,document,5
Formular,das,Formulare,modulo,module,5
Antrag,der,Anträge,domanda/richiesta,question/request,5
Beschwerde,die,Beschwerden,reclamo,complaint,5
Klage,die,Klagen,denuncia/lamento,complaint,5
Anklage,die,Anklagen,accusa,accusation,5
Urteil,das,Urteile,sentenza,sentence,5
Strafe,die,Strafen,pena/punizione,punishment,5
Gefängnis,das,Gefängnisse,prigione,prison,5
Polizei,die,-,polizia,Police,5
Gericht,das,Gerichte,tribunale/piatto,court,5
Richter,der,-,giudice,judge,5
Anwalt,der,Anwälte,avvocato,lawyer,5
Zeuge,der,Zeugen,testimone,witness,5
Angeklagte,der/die,Angeklagten,imputato,defendant,5
Opfer,das,-,vittima,victim,5
Täter,der,-,colpevole/autore,guilty/perpetrator,5
Verbrechen,das,-,crimine,crime,5
Diebstahl,der,Diebstähle,furto,theft,5
Raub,der,Raube,rapina,robbery,5
Mord,der,Morde,omicidio,murder,5
Gewalt,die,-,violenza,violence,5
Krieg,der,Kriege,guerra,war,5
Frieden,der,-,pace,peace,5
Kampf,der,Kämpfe,combattimento,combat,5
Schlacht,die,Schlachten,battaglia,battle,5
Sieg,der,Siege,vittoria,victory,5
Niederlage,die,Niederlagen,sconfitta,defeat,5
Gegner,der,-,avversario,opponent,5
Feind,der,Feinde,nemico,enemy,5
Verbündete,der,Verbündeten,alleato,ally,5
Partner,der,-,partner,partner,5
Kollege,der,Kollegen,collega,colleague,5
Chef,der,Chefs,capo,boss,5
Vorgesetzter,der,Vorgesetzten,superiore,superior,5
Mitarbeiter,der,-,collaboratore,collaborator,5
Angestellte,der/die,Angestellten,impiegato,employee,5
Arbeiter,der,-,operaio,worker,5
Beamte,der,Beamten,funzionario,official,5
Lehrer,der,-,insegnante,teacher,5
Schüler,der,-,studente/alunno,student,5
Student,der,Studenten,studente universitario,university student,5
Professor,der,Professoren,professore,professor,5
Arzt,der,Ärzte,medico,doctor,5
Patient,der,Patienten,paziente,patient,5
Krankenschwester,die,Krankenschwestern,infermiera,nurse,5
Pfleger,der,-,infermiere,nurse,5
Apotheker,der,-,farmacista,pharmacist,5
Zahnarzt,der,Zahnärzte,dentista,dentist,5
Therapeut,der,Therapeuten,terapeuta,therapist,5
Psychologe,der,Psychologen,psicologo,psychologist,5
Ingenieur,der,Ingenieure,ingegnere,engineer,5
Techniker,der,-,tecnico,technician,5
Mechaniker,der,-,meccanico,mechanic,5
Elektriker,der,-,elettricista,electrician,5
Installateur,der,Installateure,idraulico,plumber,5
Maler,der,-,imbianchino/pittore,decorator/painter,5
Tischler,der,-,falegname,carpenter,5
Bäcker,der,-,panettiere,baker,5
Metzger,der,-,macellaio,Butcher,5
Koch,der,Köche,cuoco,chef,5
Kellner,der,-,cameriere,waiter,5
Verkäufer,der,-,commesso/venditore,salesperson,5
Kassierer,der,-,cassiere,cashier,5
Friseur,der,Friseure,parrucchiere,hairdresser,5
Schneider,der,-,sarto,tailor,5
Schuhmacher,der,-,calzolaio,shoemaker,5
Gärtner,der,-,giardiniere,gardener,5
Bauer,der,Bauern,contadino/agricoltore,farmer,5
Fischer,der,-,pescatore,fisherman,5
Jäger,der,-,cacciatore,hunter,5
Förster,der,-,guardia forestale,forestry guard,5
Pilot,der,Piloten,pilota,pilot,5
Kapitän,der,Kapitäne,capitano,captain,5
Matrose,der,Matrosen,marinaio,sailor,5
Soldat,der,Soldaten,soldato,soldier,5
Offizier,der,Offiziere,ufficiale,official,5
Polizist,der,Polizisten,poliziotto,police officer,5
Feuerwehrmann,der,Feuerwehrmänner,pompiere,firefighter,5
Künstler,der,-,artista,artist,5
Maler,der,-,pittore,painter,5
Bildhauer,der,-,scultore,sculptor,5
Schauspieler,der,-,attore,actor,5
Sänger,der,-,cantante,singer,5
Tänzer,der,-,ballerino,ballerina,5
Musiker,der,-,musicista,musician,5
Dichter,der,-,poeta,poet,5
Schriftsteller,der,-,scrittore,writer,5
Autor,der,Autoren,autore,author,5
Journalist,der,Journalisten,giornalista,journalist,5
Reporter,der,-,reporter,reporter,5
Redakteur,der,Redakteure,redattore,Editor,5
Verleger,der,-,editore,publisher,5
Fotograf,der,Fotografen,fotografo,photographer,5
Kameramann,der,Kameramänner,cameraman,cinematographer,5
Regisseur,der,Regisseure,regista,director,5
Produzent,der,Produzenten,produttore,producer,5
Designer,der,-,designer,designer,5
Architekt,der,Architekten,architetto,architect,5
Baumeister,der,-,costruttore,constructor,5
Unternehmer,der,-,imprenditore,entrepreneur,5
Manager,der,-,manager,manager,5
Direktor,der,Direktoren,direttore,director,5
Geschäftsführer,der,-,amministratore delegato,Chief Executive Officer,5
Präsident,der,Präsidenten,presidente,president,5
Minister,der,-,ministro,minister,5
Bürgermeister,der,-,sindaco,mayor,5
Abgeordnete,der,Abgeordneten,deputato,deputy,5
Senator,der,Senatoren,senatore,Senator,5
Diplomat,der,Diplomaten,diplomatico,diplomatic,5
Botschafter,der,-,ambasciatore,ambassador,5
König,der,Könige,re,him,5
Königin,die,Königinnen,regina,queen,5
Prinz,der,Prinzen,principe,prince,5
Prinzessin,die,Prinzessinnen,principessa,princess,5
Kaiser,der,-,imperatore,emperor,5
Papst,der,Päpste,papa,father,5
Bischof,der,Bischöfe,vescovo,bishop,5
Priester,der,-,sacerdote,priest,5
Pfarrer,der,-,parroco,parish priest,5
Mönch,der,Mönche,monaco,monk,5
Nonne,die,Nonnen,suora,nun,5
Prophet,der,Propheten,profeta,prophet,5
Heilige,der/die,Heiligen,santo,saint,5
Engel,der,-,angelo,angel,5
Teufel,der,-,diavolo,devil,5
Geist,der,Geister,fantasma,ghost,5
Gespenst,das,Gespenster,fantasma,ghost,5
Hexe,die,Hexen,strega,witch,5
Zauberer,der,-,mago,wizard,5
Fee,die,Feen,fata,fairy,5
Zwerg,der,Zwerge,nano,small,5
Riese,der,Riesen,gigante,giant,5
Drache,der,Drachen,drago,dragon,5
Monster,das,-,mostro,monster,5
Ungeheuer,das,-,mostro,monster,5
Kreatur,die,Kreaturen,creatura,creature,5
Wesen,das,-,essere/creatura,being/creature,5
Gestalt,die,Gestalten,figura,figure,5
Figur,die,Figuren,figura,figure,5
Charakter,der,Charaktere,carattere,character,5
Persönlichkeit,die,Persönlichkeiten,personalità,personality,5
Temperament,das,Temperamente,temperamento,temperament,5
Natur,die,Naturen,natura/indole,nature/character,5
Eigenschaft,die,Eigenschaften,proprietà/caratteristica,property/feature,5
Merkmal,das,Merkmale,caratteristica,feature,5
Besonderheit,die,Besonderheiten,particolarità,peculiarity,5
Unterschied,der,Unterschiede,differenza,difference,5
Gemeinsamkeit,die,Gemeinsamkeiten,somiglianza,similarity,5
Ähnlichkeit,die,Ähnlichkeiten,somiglianza,similarity,5
Gleichheit,die,-,uguaglianza,equality,5
Ungleichheit,die,Ungleichheiten,disuguaglianza,inequality,5
Gegensatz,der,Gegensätze,contrasto,contrast,5
Kontrast,der,Kontraste,contrasto,contrast,5
Vergleich,der,Vergleiche,confronto,comparison,5
Verhältnis,das,Verhältnisse,rapporto/proporzione,ratio/proportion,5
Proportion,die,Proportionen,proporzione,proportion,5
Maß,das,Maße,misura,measurement,5
Maßstab,der,Maßstäbe,scala/criterio,scale/criteria,5
Norm,die,Normen,norma,norm,5
Standard,der,Standards,standard,standard,5
Niveau,das,Niveaus,livello,level,5
Stufe,die,Stufen,livello/gradino,level/step,5
Grad,der,Grade,grado,degree,5
Rang,der,Ränge,rango,rank,5
Klasse,die,Klassen,classe,class,5
Kategorie,die,Kategorien,categoria,Category,5
Typ,der,Typen,tipo,like,5
Sorte,die,Sorten,tipo/varietà,type/variety,5
Variante,die,Varianten,variante,variant,5
Version,die,Versionen,versione,version,5
Ausgabe,die,Ausgaben,edizione/spesa,edition/expense,5
Auflage,die,Auflagen,tiratura/edizione,print run/edition,5
Exemplar,das,Exemplare,esemplare,copy,5
Kopie,die,Kopien,copia,copy,5
Original,das,Originale,originale,original,5
Fälschung,die,Fälschungen,falso,false,5
Nachahmung,die,Nachahmungen,imitazione,imitation,5
Imitation,die,Imitationen,imitazione,imitation,5
Duplikat,das,Duplikate,duplicato,duplicate,5
Reproduktion,die,Reproduktionen,riproduzione,reproduction,5
Abbild,das,Abbilder,immagine/copia,image/copy,5
Darstellung,die,Darstellungen,rappresentazione,Representation,5
Abbildung,die,Abbildungen,illustrazione,illustration,5
Illustration,die,Illustrationen,illustrazione,illustration,5
Zeichnung,die,Zeichnungen,disegno,drawing,5
Skizze,die,Skizzen,schizzo,splash,5
Entwurf,der,Entwürfe,bozza/progetto,draft/project,5
Plan,der,Pläne,piano/progetto,plan/project,5
Projekt,das,Projekte,progetto,project,5
Programm,das,Programme,programma,program,5
Zeitplan,der,Zeitpläne,programma/calendario,program/calendar,5
Terminplan,der,Terminpläne,calendario appuntamenti,calendar appointments,5
Kalender,der,-,calendario,calendar,5
Uhr,die,Uhren,ora/orologio,time,5
Zeiger,der,-,lancetta,hand,5
Zifferblatt,das,Zifferblätter,quadrante,quarter,5
Sekunde,die,Sekunden,secondo,second,5
Augenblick,der,Augenblicke,attimo,moment,5
Zeitpunkt,der,Zeitpunkte,momento,moment,5
Periode,die,Perioden,periodo,period,5
Phase,die,Phasen,fase,phase,5
Epoche,die,Epochen,epoca,era,5
Ära,die,Ären,era,was,5
Zeitalter,das,-,era/epoca,era/period,5
Generation,die,Generationen,generazione,generation,5
Jahrzehnt,das,Jahrzehnte,decennio,decade,5
Jahrtausend,das,Jahrtausende,millennio,millennium,5
Ewigkeit,die,-,eternità,eternity,5
Vergangenheit,die,-,passato,past,5
Gegenwart,die,-,presente,present,5
Zukunft,die,-,futuro,future,5
Morgen,der,-,mattina/domani,morning/tomorrow,5
Vormittag,der,Vormittage,mattina,morning,5
Mittag,der,Mittage,mezzogiorno,midday,5
Nachmittag,der,Nachmittage,pomeriggio,afternoon,5
Abend,der,Abende,sera,evening,5
Nacht,die,Nächte,notte,night,5
Mitternacht,die,-,mezzanotte,midnight,5
Morgen,das,-,domani,tomorrow,5
Heute,heute,-,oggi,today,5
Gestern,gestern,-,ieri,yesterday,5
Vorgestern,vorgestern,-,l'altro ieri,the other day,5
Übermorgen,übermorgen,-,dopodomani,tomorrow,5
Wochenende,das,Wochenenden,fine settimana,weekend,5
Werktag,der,Werktage,giorno feriale,working day,5
Feiertag,der,Feiertage,giorno festivo,public holiday,5
Montag,der,Montage,lunedì,Monday,5
Dienstag,der,Dienstage,martedì,Tuesday,5
Mittwoch,der,Mittwoche,mercoledì,Wednesday,5
Donnerstag,der,Donnerstage,giovedì,Thursday,5
Freitag,der,Freitage,venerdì,Friday,5
Samstag,der,Samstage,sabato,Saturday,5
Sonntag,der,Sonntage,domenica,Sunday,5
Januar,der,-,gennaio,January,5
Februar,der,-,febbraio,February,5
März,der,-,marzo,March,5
April,der,-,aprile,April,5
Mai,der,-,maggio,May,5
Juni,der,-,giugno,June,5
Juli,der,-,luglio,July,5
August,der,-,agosto,August,5
September,der,-,settembre,September,5
Oktober,der,-,ottobre,October,5
November,der,-,novembre,November,5
Dezember,der,-,dicembre,December,5
Frühling,der,-,primavera,spring,5
Sommer,der,-,estate,summer,5
Herbst,der,-,autunno,Autumn,5
Winter,der,-,inverno,winter,5
Jahreszeit,die,Jahreszeiten,stagione,season,5
Klima,das,Klimata,clima,climate,5
Temperatur,die,Temperaturen,temperatura,Temperature,5
Hitze,die,-,caldo,warm,5
Kälte,die,-,freddo,cold,5
Wärme,die,-,calore,heat,5
Frost,der,Fröste,gelo,frost,5
Tau,der,-,rugiada,dew,5
Nebel,der,-,nebbia,fog,5
Wolke,die,Wolken,nuvola,cloud,5
Gewitter,das,-,temporale,storm,5
Blitz,der,Blitze,fulmine,lightning,5
Donner,der,-,tuono,thunder,5
Hagel,der,-,grandine,hail,5
Sturm,der,Stürme,tempesta,storm,5
Orkan,der,Orkane,uragano,hurricane,5
Wirbelsturm,der,Wirbelstürme,ciclone,cyclone,5
Tornado,der,Tornados,tornado,tornado,5
Erdbeben,das,-,terremoto,earthquake,5
Vulkan,der,Vulkane,vulcano,volcano,5
Lawine,die,Lawinen,valanga,Avalanche,5
Flut,die,Fluten,inondazione,flooding,5
Dürre,die,Dürren,siccità,drought,5
Katastrophe,die,Katastrophen,catastrofe,catastrophe,5
Unglück,das,Unglücke,sfortuna/disgrazia,misfortune/mischance,5
Unfall,der,Unfälle,incidente,incident,5
Panne,die,Pannen,guasto,malfunction,5
Schaden,der,Schäden,danno,damage,5
Verletzung,die,Verletzungen,ferita/lesione,injury/wound,5
Wunde,die,Wunden,ferita,wound,5
Narbe,die,Narben,cicatrice,scar,5
Schmerz,der,Schmerzen,dolore,pain,5
Leiden,das,-,sofferenza,suffering,5
Qual,die,Qualen,tormento,torment,5
Elend,das,-,miseria,misery,5
Not,die,Nöte,bisogno/necessità,need,5
Armut,die,-,povertà,poverty,5
Reichtum,der,Reichtümer,ricchezza,wealth,5
Wohlstand,der,-,benessere,well-being,5
Luxus,der,-,lusso,luxury,5
Komfort,der,-,comfort,comfort,5
Bequemlichkeit,die,-,comodità,comfort,5
Genuss,der,Genüsse,piacere/godimento,pleasure/enjoyment,5
Vergnügen,das,-,divertimento,enjoyment,5
Spaß,der,Späße,divertimento,amusement,5
Unterhaltung,die,Unterhaltungen,intrattenimento,entertainment,5
Zeitvertreib,der,Zeitvertreibe,passatempo,diversion,5
Hobby,das,Hobbys,hobby,hobby,5
Sport,der,Sportarten,sport,sport,5
Training,das,Trainings,allenamento,training,5
Übung,die,Übungen,esercizio,exercise,5
Wettkampf,der,Wettkämpfe,competizione,competition,5
Meisterschaft,die,Meisterschaften,campionato,championship,5
Turnier,das,Turniere,torneo,tournament,5
Spiel,das,Spiele,partita/gioco,game,5
Match,das,Matches,partita,game,5
Mannschaft,die,Mannschaften,squadra,team,5
Team,das,Teams,squadra,team,5
Spieler,der,-,giocatore,player,5
Kapitän,der,Kapitäne,capitano,captain,5
Trainer,der,-,allenatore,coach,5
Schiedsrichter,der,-,arbitro,referee,5
Fan,der,Fans,tifoso,fan,5
Zuschauer,der,-,spettatore,spectator,5
Stadion,das,Stadien,stadio,stadium,5
Feld,das,Felder,campo,field,5
Platz,der,Plätze,campo,field,5
Ball,der,Bälle,palla,ball,5
Tor,das,Tore,porta/goal,gate,5
Punkt,der,Punkte,punto,point,5
Treffer,der,-,colpo/goal,goal,5
Niederlage,die,Niederlagen,sconfitta,defeat,5
Unentschieden,das,-,pareggio,balance,5
Rekord,der,Rekorde,record,record,5
Leistung,die,Leistungen,prestazione,performance,5
Fähigkeit,die,Fähigkeiten,capacità,ability,5
Talent,das,Talente,talento,talent,5
Begabung,die,Begabungen,dote,gift,5
Können,das,-,abilità,skill,5
Geschick,das,-,abilità/destrezza,skill/dexterity,5
Fertigkeit,die,Fertigkeiten,abilità,ability,5
Meister,der,-,maestro,master,5
Experte,der,Experten,esperto,expert,5
Fachmann,der,Fachleute,esperto,expert,5
Spezialist,der,Spezialisten,specialista,specialist,5
Profi,der,Profis,professionista,professional,5
Amateur,der,Amateure,amatore,enthusiast,5
Anfänger,der,-,principiante,beginner,5
Laie,der,Laien,profano,profane,5
Kenner,der,-,intenditore,connoisseur,5
Liebhaber,der,-,amante/appassionato,lover/enthusiast,5
Sammler,der,-,collezionista,collector,5
Sammlung,die,Sammlungen,collezione,collection,5
Ausstellung,die,Ausstellungen,mostra,show,5
Galerie,die,Galerien,galleria,gallery,5
Vitrine,die,Vitrinen,vetrina,window display,5
Schatz,der,Schätze,tesoro,treasure,5
Kostbarkeit,die,Kostbarkeiten,oggetto prezioso,valuable object,5
Seltenheit,die,Seltenheiten,rarità,rarity,5
Antiquität,die,Antiquitäten,antiquariato,antiquity,5
Souvenir,das,Souvenirs,souvenir,souvenir,5
Andenken,das,-,ricordo,memory,5
Geschenk,das,Geschenke,regalo,gift,5
Gabe,die,Gaben,dono,gift,5
Spende,die,Spenden,donazione,donation,5
Beitrag,der,Beiträge,contributo,contribution,5
Hilfe,die,Hilfen,aiuto,Help,5
Unterstützung,die,Unterstützungen,sostegno,support,5
Förderung,die,Förderungen,promozione/sostegno,promotion/support,5
Schutz,der,-,protezione,protection,5
Sicherheit,die,-,sicurezza,safety,5
Versicherung,die,Versicherungen,assicurazione,insurance,5
Garantie,die,Garantien,garanzia,warranty,5
Gewährleistung,die,Gewährleistungen,garanzia,guarantee,5
Haftung,die,Haftungen,responsabilità civile,civil liability,5
Anspruch,der,Ansprüche,diritto/pretesa,right or claim,5
Forderung,die,Forderungen,richiesta/credito,request/credit,5
Zahlung,die,Zahlungen,pagamento,payment,5
Bezahlung,die,Bezahlungen,pagamento,payment,5
Vergütung,die,Vergütungen,compenso,compensation,5
Lohn,der,Löhne,salario,salary,5
Gehalt,das,Gehälter,stipendio,salary,5
Einkommen,das,-,reddito,income,5
Verdienst,der,Verdienste,guadagno,income,5
Gewinn,der,Gewinne,profitto,profit,5
Profit,der,Profite,profitto,profit,5
Ertrag,der,Erträge,rendimento,yield,5
Umsatz,der,Umsätze,fatturato,turnover,5
Einnahme,die,Einnahmen,entrata,entry,5
Ausgabe,die,Ausgaben,spesa,expense,5
Kosten,die,-,costi,costs,5
Preis,der,Preise,prezzo,price,5
Gebühr,die,Gebühren,tariffa,tariff,5
Tarif,der,Tarife,tariffa,rate,5
Rate,die,Raten,rata,payment,5
Schuld,die,Schulden,debito,debt,5
Kredit,der,Kredite,credito,credit,5
Darlehen,das,-,prestito,loan,5
Hypothek,die,Hypotheken,ipoteca,mortgage,5
Zinsen,die,-,interessi,interests,5
Kapital,das,Kapitalien,capitale,capital,5
Vermögen,das,-,patrimonio,heritage,5
Besitz,der,-,proprietà,property,5
Eigentum,das,-,proprietà,property,5
Grundstück,das,Grundstücke,terreno,ground,5
Immobilie,die,Immobilien,immobile,immovable,5
Objekt,das,Objekte,oggetto,object,5
Gegenstand,der,Gegenstände,oggetto,object,5
Ding,das,Dinge,cosa,thing,5
Artikel,der,-,articolo,article,5
Ware,die,Waren,merce,goods,5
Produkt,das,Produkte,prodotto,product,5
Erzeugnis,das,Erzeugnisse,prodotto,product,5
Fabrikat,das,Fabrikate,prodotto fabbricato,manufactured product,5
Marke,die,Marken,marca,brand,5
Sorte,die,Sorten,tipo,like,5
Qualität,die,Qualitäten,qualità,quality,5
Quantität,die,Quantitäten,quantità,quantity,5
Menge,die,Mengen,quantità,quantity,5
Anzahl,die,-,numero/quantità,number/quantity,5
Summe,die,Summen,somma,sum,5
Total,das,Totale,totale,total,5
Betrag,der,Beträge,importo,amount,5
Ziffer,die,Ziffern,cifra,figure,5
Rechnung,die,Rechnungen,conto/calcolo,calculation,5
Kalkulation,die,Kalkulationen,calcolo,calculation,5
Schätzung,die,Schätzungen,stima,esteem,5
Voranschlag,der,Voranschläge,preventivo,quote,5
Budget,das,Budgets,budget,budget,5
Haushalt,der,Haushalte,bilancio/famiglia,balance/family,5
Bilanz,die,Bilanzen,bilancio,balance sheet,5
Konto,das,Konten,conto,account,5
Saldo,der,Saldi,saldo,balance,5
Guthaben,das,-,credito/saldo positivo,positive balance,5
Minus,das,-,deficit,deficit,5
Plus,das,-,surplus,surplus,5
Überschuss,der,Überschüsse,eccedenza,surplus,5
Defizit,das,Defizite,deficit,deficit,5
Mangel,der,Mängel,carenza/difetto,defect/shortage,5
Fehlen,das,-,mancanza,absence,5
Abwesenheit,die,-,assenza,absence,5
Anwesenheit,die,-,presenza,Presence,5
Teilnahme,die,-,partecipazione,participation,5
Beteiligung,die,Beteiligungen,partecipazione,participation,5
Mitwirkung,die,-,collaborazione,collaboration,5
Zusammenarbeit,die,-,collaborazione,collaboration,5
Kooperation,die,Kooperationen,cooperazione,cooperation,5
Partnerschaft,die,Partnerschaften,partnership,partnership,5
Bündnis,das,Bündnisse,alleanza,alliance,5
Allianz,die,Allianzen,alleanza,alliance,5
Union,die,Unionen,unione,union,5
Verband,der,Verbände,associazione,association,5
Verein,der,Vereine,associazione,association,5
Organisation,die,Organisationen,organizzazione,organization,5
Institution,die,Institutionen,istituzione,establishment,5
Einrichtung,die,Einrichtungen,istituzione,institution,5
Behörde,die,Behörden,autorità/ente,authority/agency,5
Amt,das,Ämter,ufficio,office,5
Ministerium,das,Ministerien,ministero,ministry,5
Verwaltung,die,Verwaltungen,amministrazione,administration,5
Leitung,die,Leitungen,direzione,direction,5
Führung,die,Führungen,direzione/guida,direction/guidance,5
Management,das,-,management,management,5
Kontrolle,die,Kontrollen,controllo,control,5
Aufsicht,die,-,supervisione,supervision,5
Überwachung,die,-,sorveglianza,surveillance,5
Inspektion,die,Inspektionen,ispezione,inspection,5
Prüfung,die,Prüfungen,esame/controllo,exam/check,5
Test,der,Tests,test,test,5
Experiment,das,Experimente,esperimento,experiment,5
Versuch,der,Versuche,tentativo/esperimento,attempt/experiment,5
Probe,die,Proben,prova/campione,sample,5
Muster,das,-,campione/modello,sample/model,5
Vorlage,die,Vorlagen,modello/template,template,5
Schablone,die,Schablonen,sagoma,silhouette,5
Modell,das,Modelle,modello,model,5
Vorbild,das,Vorbilder,modello/esempio,model/example,5
Beispiel,das,Beispiele,esempio,example,5
Fall,der,Fälle,caso,case,5
Instanz,die,Instanzen,istanza,instance,5
